-- phpMyAdmin SQL Dump
-- version 5.2.0
-- https://www.phpmyadmin.net/
--
-- Хост: 127.0.0.1:3306
-- Время создания: Апр 21 2024 г., 17:33
-- Версия сервера: 8.0.30
-- Версия PHP: 8.1.9

SET SQL_MODE = "NO_AUTO_VALUE_ON_ZERO";
START TRANSACTION;
SET time_zone = "+00:00";


/*!40101 SET @OLD_CHARACTER_SET_CLIENT=@@CHARACTER_SET_CLIENT */;
/*!40101 SET @OLD_CHARACTER_SET_RESULTS=@@CHARACTER_SET_RESULTS */;
/*!40101 SET @OLD_COLLATION_CONNECTION=@@COLLATION_CONNECTION */;
/*!40101 SET NAMES utf8mb4 */;

--
-- База данных: `Test`
--

-- --------------------------------------------------------

--
-- Структура таблицы `Admins`
--

CREATE TABLE `Admins` (
  `id` int NOT NULL,
  `login` varchar(255) NOT NULL,
  `password` longtext NOT NULL
) ENGINE=InnoDB DEFAULT CHARSET=utf8mb4 COLLATE=utf8mb4_0900_ai_ci;

--
-- Дамп данных таблицы `Admins`
--

INSERT INTO `Admins` (`id`, `login`, `password`) VALUES
(2, 'admin', '$2y$10$uYv65GFFJ5peU8A7kODs...IJVqHnmBDBMfvcU1nWLRRNFqaB10hK');

-- --------------------------------------------------------

--
-- Структура таблицы `Answers`
--

CREATE TABLE `Answers` (
  `id` int NOT NULL,
  `question_id` int NOT NULL,
  `anser_text` varchar(255) NOT NULL,
  `points` int NOT NULL
) ENGINE=InnoDB DEFAULT CHARSET=utf8mb4 COLLATE=utf8mb4_0900_ai_ci;

--
-- Дамп данных таблицы `Answers`
--

INSERT INTO `Answers` (`id`, `question_id`, `anser_text`, `points`) VALUES
(1, 1, 'Да', 10),
(2, 2, 'Да', 10),
(3, 3, 'Да', 0),
(4, 4, 'Да', 0),
(5, 5, 'Да', 0),
(6, 6, 'Да', 0),
(7, 7, 'Да', 0),
(8, 8, 'Да', 0),
(9, 9, 'Да', 0),
(10, 10, 'Да', 10),
(11, 11, 'Да', 0),
(12, 12, 'Да', 10),
(13, 13, 'Да', 0),
(14, 14, 'Да', 0),
(15, 15, 'Да', 10),
(16, 16, 'Да', 0),
(17, 17, 'Да', 10),
(18, 18, 'Да', 10),
(19, 19, 'Да', 10),
(20, 20, 'Да', 10),
(21, 21, 'Да', 10),
(22, 22, 'Да', 0),
(23, 23, 'Да', 0),
(24, 24, 'Да', 10),
(25, 25, 'Да', 0),
(26, 26, 'Да', 10),
(27, 27, 'Да', 10),
(28, 28, 'Да', 10),
(29, 29, 'Да', 0),
(30, 30, 'Да', 10),
(31, 31, 'Да', 10),
(32, 32, 'Да', 0),
(33, 33, 'Да', 0),
(34, 34, 'Да', 10),
(35, 35, 'Да', 10),
(36, 36, 'Да', 0),
(37, 37, 'Да', 10),
(38, 38, 'Да', 10),
(39, 39, 'Да', 10),
(40, 40, 'Да', 0),
(41, 41, 'Да', 0),
(42, 42, 'Да', 0),
(43, 43, 'Да', 10),
(44, 44, 'Да', 10),
(45, 45, 'Да', 10),
(46, 46, 'Да', 10),
(47, 47, 'Да', 0),
(48, 48, 'Да', 0),
(49, 49, 'Да', 10),
(50, 50, 'Да', 10),
(51, 51, 'Да', 10),
(52, 52, 'Да', 0),
(53, 53, 'Да', 10),
(54, 54, 'Да', 10),
(55, 55, 'Да', 0),
(56, 56, 'Да', 0),
(57, 57, 'Да', 0),
(58, 58, 'Да', 0),
(59, 59, 'Да', 0),
(60, 60, 'Да', 10),
(61, 61, 'Да', 10),
(62, 62, 'Да', 10),
(63, 63, 'Да', 10),
(64, 64, 'Да', 10),
(65, 65, 'Да', 10),
(66, 66, 'Да', 0),
(67, 67, 'Да', 10),
(68, 68, 'Да', 10),
(69, 69, 'Да', 10),
(70, 70, 'Да', 10),
(71, 71, 'Да', 0),
(72, 72, 'Да', 0),
(73, 73, 'Да', 10),
(74, 74, 'Да', 10),
(75, 75, 'Да', 10),
(76, 76, 'Да', 10),
(77, 77, 'Да', 0),
(78, 78, 'Да', 10),
(79, 79, 'Да', 0),
(80, 80, 'Да', 10),
(81, 81, 'Да', 10),
(82, 82, 'Да', 10),
(83, 83, 'Да', 10),
(84, 84, 'Да', 10),
(85, 85, 'Да', 10),
(86, 86, 'Да', 10),
(87, 87, 'Да', 10),
(88, 88, 'Да', 10),
(89, 89, 'Да', 0),
(90, 90, 'Да', 0),
(91, 91, 'Да', 0),
(92, 92, 'Да', 10),
(93, 93, 'Да', 10),
(94, 94, 'Да', 10),
(95, 95, 'Да', 0),
(96, 96, 'Да', 10),
(97, 97, 'Да', 0),
(98, 98, 'Да', 10),
(99, 99, 'Да', 10),
(100, 100, 'Да', 0),
(101, 101, 'Да', 10),
(102, 102, 'Да', 10),
(103, 103, 'Да', 10),
(104, 104, 'Да', 0),
(105, 105, 'Да', 10),
(106, 106, 'Да', 10),
(107, 107, 'Да', 0),
(108, 108, 'Да', 0),
(109, 109, 'Да', 10),
(110, 110, 'Да', 0),
(111, 111, 'Да', 0),
(112, 112, 'Да', 10),
(113, 113, 'Да', 0),
(114, 114, 'Да', 10),
(115, 115, 'Да', 10),
(116, 116, 'Да', 10),
(117, 117, 'Да', 10),
(118, 118, 'Да', 10),
(119, 119, 'Да', 0),
(120, 120, 'Да', 10),
(121, 121, 'Да', 0),
(122, 122, 'Да', 0),
(123, 123, 'Да', 0),
(124, 124, 'Да', 10),
(125, 125, 'Да', 10),
(126, 126, 'Да', 10),
(127, 127, 'Да', 0),
(128, 128, 'Да', 0),
(129, 129, 'Да', 0),
(130, 130, 'Да', 0),
(131, 131, 'Да', 0),
(132, 132, 'Да', 0),
(133, 133, 'Да', 10),
(134, 134, 'Да', 10),
(135, 135, 'Да', 0),
(136, 136, 'Да', 0),
(137, 137, 'Да', 10),
(138, 138, 'Да', 10),
(139, 139, 'Да', 0),
(140, 140, 'Да', 10),
(141, 1, 'Иногда', 5),
(142, 2, 'Иногда', 5),
(143, 3, 'Иногда', 5),
(144, 4, 'Иногда', 5),
(145, 5, 'Иногда', 5),
(146, 6, 'Иногда', 5),
(147, 7, 'Иногда', 5),
(148, 8, 'Иногда', 5),
(149, 9, 'Иногда', 5),
(150, 10, 'Иногда', 5),
(151, 11, 'Иногда', 5),
(152, 12, 'Иногда', 5),
(153, 13, 'Иногда', 5),
(154, 14, 'Иногда', 5),
(155, 15, 'Иногда', 5),
(156, 16, 'Иногда', 5),
(157, 17, 'Иногда', 5),
(158, 18, 'Иногда', 5),
(159, 19, 'Иногда', 5),
(160, 20, 'Иногда', 5),
(161, 21, 'Иногда', 5),
(162, 22, 'Иногда', 5),
(163, 23, 'Иногда', 5),
(164, 24, 'Иногда', 5),
(165, 25, 'Иногда', 5),
(166, 26, 'Иногда', 5),
(167, 27, 'Иногда', 5),
(168, 28, 'Иногда', 5),
(169, 29, 'Иногда', 5),
(170, 30, 'Иногда', 5),
(171, 31, 'Иногда', 5),
(172, 32, 'Иногда', 5),
(173, 33, 'Иногда', 5),
(174, 34, 'Иногда', 5),
(175, 35, 'Иногда', 5),
(176, 36, 'Иногда', 5),
(177, 37, 'Иногда', 5),
(178, 38, 'Иногда', 5),
(179, 39, 'Иногда', 5),
(180, 40, 'Иногда', 5),
(181, 41, 'Иногда', 5),
(182, 42, 'Иногда', 5),
(183, 43, 'Иногда', 5),
(184, 44, 'Иногда', 5),
(185, 45, 'Иногда', 5),
(186, 46, 'Иногда', 5),
(187, 47, 'Иногда', 5),
(188, 48, 'Иногда', 5),
(189, 49, 'Иногда', 5),
(190, 50, 'Иногда', 5),
(191, 51, 'Иногда', 5),
(192, 52, 'Иногда', 5),
(193, 53, 'Иногда', 5),
(194, 54, 'Иногда', 5),
(195, 55, 'Иногда', 5),
(196, 56, 'Иногда', 5),
(197, 57, 'Иногда', 5),
(198, 58, 'Иногда', 5),
(199, 59, 'Иногда', 5),
(200, 60, 'Иногда', 5),
(201, 61, 'Иногда', 5),
(202, 62, 'Иногда', 5),
(203, 63, 'Иногда', 5),
(204, 64, 'Иногда', 5),
(205, 65, 'Иногда', 5),
(206, 66, 'Иногда', 5),
(207, 67, 'Иногда', 5),
(208, 68, 'Иногда', 5),
(209, 69, 'Иногда', 5),
(210, 70, 'Иногда', 5),
(211, 71, 'Иногда', 5),
(212, 72, 'Иногда', 5),
(213, 73, 'Иногда', 5),
(214, 74, 'Иногда', 5),
(215, 75, 'Иногда', 5),
(216, 76, 'Иногда', 5),
(217, 77, 'Иногда', 5),
(218, 78, 'Иногда', 5),
(219, 79, 'Иногда', 5),
(220, 80, 'Иногда', 5),
(221, 81, 'Иногда', 5),
(222, 82, 'Иногда', 5),
(223, 83, 'Иногда', 5),
(224, 84, 'Иногда', 5),
(225, 85, 'Иногда', 5),
(226, 86, 'Иногда', 5),
(227, 87, 'Иногда', 5),
(228, 88, 'Иногда', 5),
(229, 89, 'Иногда', 5),
(230, 90, 'Иногда', 5),
(231, 91, 'Иногда', 5),
(232, 92, 'Иногда', 5),
(233, 93, 'Иногда', 5),
(234, 94, 'Иногда', 5),
(235, 95, 'Иногда', 5),
(236, 96, 'Иногда', 5),
(237, 97, 'Иногда', 5),
(238, 98, 'Иногда', 5),
(239, 99, 'Иногда', 5),
(240, 100, 'Иногда', 5),
(241, 101, 'Иногда', 5),
(242, 102, 'Иногда', 5),
(243, 103, 'Иногда', 5),
(244, 104, 'Иногда', 5),
(245, 105, 'Иногда', 5),
(246, 106, 'Иногда', 5),
(247, 107, 'Иногда', 5),
(248, 108, 'Иногда', 5),
(249, 109, 'Иногда', 5),
(250, 110, 'Иногда', 5),
(251, 111, 'Иногда', 5),
(252, 112, 'Иногда', 5),
(253, 113, 'Иногда', 5),
(254, 114, 'Иногда', 5),
(255, 115, 'Иногда', 5),
(256, 116, 'Иногда', 5),
(257, 117, 'Иногда', 5),
(258, 118, 'Иногда', 5),
(259, 119, 'Иногда', 5),
(260, 120, 'Иногда', 5),
(261, 121, 'Иногда', 5),
(262, 122, 'Иногда', 5),
(263, 123, 'Иногда', 5),
(264, 124, 'Иногда', 5),
(265, 125, 'Иногда', 5),
(266, 126, 'Иногда', 5),
(267, 127, 'Иногда', 5),
(268, 128, 'Иногда', 5),
(269, 129, 'Иногда', 5),
(270, 130, 'Иногда', 5),
(271, 131, 'Иногда', 5),
(272, 132, 'Иногда', 5),
(273, 133, 'Иногда', 5),
(274, 134, 'Иногда', 5),
(275, 135, 'Иногда', 5),
(276, 136, 'Иногда', 5),
(277, 137, 'Иногда', 5),
(278, 138, 'Иногда', 5),
(279, 139, 'Иногда', 5),
(280, 140, 'Иногда', 5),
(281, 1, 'Нет', 0),
(282, 2, 'Нет', 0),
(283, 3, 'Нет', 10),
(284, 4, 'Нет', 10),
(285, 5, 'Нет', 10),
(286, 6, 'Нет', 10),
(287, 7, 'Нет', 10),
(288, 8, 'Нет', 10),
(289, 9, 'Нет', 10),
(290, 10, 'Нет', 10),
(291, 11, 'Нет', 10),
(292, 12, 'Нет', 0),
(293, 13, 'Нет', 10),
(294, 14, 'Нет', 10),
(295, 15, 'Нет', 0),
(296, 16, 'Нет', 10),
(297, 17, 'Нет', 0),
(298, 18, 'Нет', 0),
(299, 19, 'Нет', 0),
(300, 20, 'Нет', 0),
(301, 21, 'Нет', 0),
(302, 22, 'Нет', 10),
(303, 23, 'Нет', 10),
(304, 24, 'Нет', 0),
(305, 25, 'Нет', 10),
(306, 26, 'Нет', 0),
(307, 27, 'Нет', 0),
(308, 28, 'Нет', 0),
(309, 29, 'Нет', 10),
(310, 30, 'Нет', 0),
(311, 31, 'Нет', 0),
(312, 32, 'Нет', 10),
(313, 33, 'Нет', 10),
(314, 34, 'Нет', 0),
(315, 35, 'Нет', 0),
(316, 36, 'Нет', 10),
(317, 37, 'Нет', 0),
(318, 38, 'Нет', 0),
(319, 39, 'Нет', 0),
(320, 40, 'Нет', 10),
(321, 41, 'Нет', 10),
(322, 42, 'Нет', 10),
(323, 43, 'Нет', 0),
(324, 44, 'Нет', 0),
(325, 45, 'Нет', 0),
(326, 46, 'Нет', 0),
(327, 47, 'Нет', 10),
(328, 48, 'Нет', 10),
(329, 49, 'Нет', 0),
(330, 50, 'Нет', 0),
(331, 51, 'Нет', 0),
(332, 52, 'Нет', 10),
(333, 53, 'Нет', 0),
(334, 54, 'Нет', 0),
(335, 55, 'Нет', 10),
(336, 56, 'Нет', 10),
(337, 57, 'Нет', 10),
(338, 58, 'Нет', 10),
(339, 59, 'Нет', 10),
(340, 60, 'Нет', 0),
(341, 61, 'Нет', 0),
(342, 62, 'Нет', 0),
(343, 63, 'Нет', 0),
(344, 64, 'Нет', 0),
(345, 65, 'Нет', 0),
(346, 66, 'Нет', 10),
(347, 67, 'Нет', 0),
(348, 68, 'Нет', 0),
(349, 69, 'Нет', 0),
(350, 70, 'Нет', 0),
(351, 71, 'Нет', 10),
(352, 72, 'Нет', 10),
(353, 73, 'Нет', 0),
(354, 74, 'Нет', 0),
(355, 75, 'Нет', 0),
(356, 76, 'Нет', 0),
(357, 77, 'Нет', 10),
(358, 78, 'Нет', 0),
(359, 79, 'Нет', 10),
(360, 80, 'Нет', 0),
(361, 81, 'Нет', 0),
(362, 82, 'Нет', 0),
(363, 83, 'Нет', 0),
(364, 84, 'Нет', 0),
(365, 85, 'Нет', 0),
(366, 86, 'Нет', 0),
(367, 87, 'Нет', 0),
(368, 88, 'Нет', 0),
(369, 89, 'Нет', 10),
(370, 90, 'Нет', 10),
(371, 91, 'Нет', 10),
(372, 92, 'Нет', 0),
(373, 93, 'Нет', 0),
(374, 94, 'Нет', 0),
(375, 95, 'Нет', 10),
(376, 96, 'Нет', 0),
(377, 97, 'Нет', 10),
(378, 98, 'Нет', 0),
(379, 99, 'Нет', 0),
(380, 100, 'Нет', 10),
(381, 101, 'Нет', 0),
(382, 102, 'Нет', 0),
(383, 103, 'Нет', 0),
(384, 104, 'Нет', 10),
(385, 105, 'Нет', 0),
(386, 106, 'Нет', 0),
(387, 107, 'Нет', 10),
(388, 108, 'Нет', 10),
(389, 109, 'Нет', 0),
(390, 110, 'Нет', 10),
(391, 111, 'Нет', 10),
(392, 112, 'Нет', 0),
(393, 113, 'Нет', 10),
(394, 114, 'Нет', 0),
(395, 115, 'Нет', 0),
(396, 116, 'Нет', 0),
(397, 117, 'Нет', 0),
(398, 118, 'Нет', 0),
(399, 119, 'Нет', 10),
(400, 120, 'Нет', 0),
(401, 121, 'Нет', 10),
(402, 122, 'Нет', 10),
(403, 123, 'Нет', 10),
(404, 124, 'Нет', 0),
(405, 125, 'Нет', 0),
(406, 126, 'Нет', 0),
(407, 127, 'Нет', 10),
(408, 128, 'Нет', 10),
(409, 129, 'Нет', 10),
(410, 130, 'Нет', 10),
(411, 131, 'Нет', 10),
(412, 132, 'Нет', 10),
(413, 133, 'Нет', 0),
(414, 134, 'Нет', 0),
(415, 135, 'Нет', 10),
(416, 136, 'Нет', 10),
(417, 137, 'Нет', 0),
(418, 138, 'Нет', 0),
(419, 139, 'Нет', 10),
(420, 140, 'Нет', 0);

-- --------------------------------------------------------

--
-- Структура таблицы `Companies`
--

CREATE TABLE `Companies` (
  `id` int NOT NULL,
  `name` varchar(255) NOT NULL,
  `is_anon` tinyint(1) NOT NULL
) ENGINE=InnoDB DEFAULT CHARSET=utf8mb4 COLLATE=utf8mb4_0900_ai_ci;

--
-- Дамп данных таблицы `Companies`
--

INSERT INTO `Companies` (`id`, `name`, `is_anon`) VALUES
(2, 'ООО \"Текстиль\"', 1),
(3, 'ООО \"Тесты\"', 0),
(4, 'ddd', 1);

-- --------------------------------------------------------

--
-- Структура таблицы `Criterions`
--

CREATE TABLE `Criterions` (
  `id` int NOT NULL,
  `name` varchar(255) NOT NULL
) ENGINE=InnoDB DEFAULT CHARSET=utf8mb4 COLLATE=utf8mb4_0900_ai_ci;

--
-- Дамп данных таблицы `Criterions`
--

INSERT INTO `Criterions` (`id`, `name`) VALUES
(1, 'Адаптация в компании'),
(2, 'Вовлечённость'),
(3, 'Гордость за компанию'),
(4, 'Карьера'),
(5, 'Коллектив'),
(6, 'Мотивация'),
(7, 'Найм в компании'),
(8, 'Организация управления'),
(9, 'Ответственность'),
(10, 'Понимание как создавать результат'),
(11, 'Понимание продукта'),
(12, 'Преданность компании'),
(13, 'Руководство компании'),
(14, 'Стремление к развитию');

-- --------------------------------------------------------

--
-- Структура таблицы `Questions`
--

CREATE TABLE `Questions` (
  `id` int NOT NULL,
  `question_text` longtext NOT NULL,
  `criterion_id` int NOT NULL
) ENGINE=InnoDB DEFAULT CHARSET=utf8mb4 COLLATE=utf8mb4_0900_ai_ci;

--
-- Дамп данных таблицы `Questions`
--

INSERT INTO `Questions` (`id`, `question_text`, `criterion_id`) VALUES
(1, 'Многие сотрудники компании работают в компании долго', 12),
(2, 'В компании ведётся управление на основе показателей и статистик', 8),
(3, 'Руководитель не всегда выполняет то, что обещает сотрудникам', 13),
(4, 'Сотрудники часто делают вид, что заняты и занимаются своим делами', 6),
(5, 'Сотрудники стремятся особо не высовываться, чтобы не нагрузили работой', 2),
(6, 'В основном сотрудники компании каждый сам по себе и слабо объеденные', 5),
(7, 'Руководитель чаще всего продвигает сотрудников по родству или дружбе', 4),
(8, 'Бывает, что сотрудники не выполняет поставленную руководством задачу или выполняет её посредственно', 9),
(9, 'Профессиональное развитие редко беспокоит сотрудников', 14),
(10, 'В компании большие цели, задачи и перспективы развития', 3),
(11, 'В компании мало откликов при поиске нового сотрудника', 7),
(12, 'Новый сотрудник компании всегда знает что от него ждут и как это ему этого добиться', 1),
(13, 'В компании нет системы отбора кандидатов при найме и берут кого попало', 7),
(14, 'В компании есть сотрудники, которым трудно объяснять как и что делать', 10),
(15, 'Сотрудник компании чаще всего с удовольствием ходят на работу', 2),
(16, 'Начальники чаще всего нанимаются со стороны, а не выращиваются внутри компании', 4),
(17, 'В компании всё чётко распределено и каждый занят своим делам на пользу компании', 8),
(18, 'Сотрудники преданы компании и не хотели бы её менять', 12),
(19, 'В компании есть лидеры, которые вносят позитив и объединяют людей', 5),
(20, 'Сотрудники озабочены тем, чтобы компания росла и развивалась', 14),
(21, 'Руководитель всегда открыт к общению и с ним приятно поговорить', 13),
(22, 'В основном сотрудники компании работают ради зарплаты', 6),
(23, 'Бывает, что сотрудники выполняют лишь часть работы, затем переключаются на другое и забывают завершить предыдущее задание', 9),
(24, 'Сотрудники всегда искренне поддерживают правила и политику компании', 12),
(25, 'Сотрудники не сильно стремятся быть полезными и ценными для компании', 2),
(26, 'Каждый сотрудник понимает что ему делать для общего результата компании', 10),
(27, 'В компании хорошо организовано управление коллективом и распределение обязанностей', 8),
(28, 'В компании есть правила работы с сотрудниками принятыми на работу', 1),
(29, 'Действующие сотрудники редко назначаются руководителями в компании', 4),
(30, 'Почти все сотрудники могут посчитать результат своего труда в любой момент времени', 11),
(31, 'Качество продукта (товара или услуг) вашей компании всегда высокое', 3),
(32, 'Новый сотрудник компании часто не знает к кому ему обратиться с каким-то вопросом', 1),
(33, 'Сотрудники часто не хотят понять что от них требуется', 10),
(34, 'При отборе на вакансии проводится проверка и тестирование кандидатов', 7),
(35, 'Сотрудники могут видеть текущий результат компании в любое время', 11),
(36, 'Хорошие результаты в компании редко поощряются', 6),
(37, 'Все сотрудники с удовольствием сотрудничают и взаимодействуют друг с другом', 5),
(38, 'Сотрудники прикладывают усилия и стремятся вырасти внутри своей компании', 14),
(39, 'В компании работает система наставничества', 1),
(40, 'Большинство сотрудников уйдёт из компании если зарплата снизится на 15-20%', 12),
(41, 'Бывает, что сотрудники отказываются выполнять поставленную задачу, объясняя тем, что им некогда', 9),
(42, 'Сотрудники редко проявляют энтузиазм для того, чтобы повысить результат компании', 2),
(43, 'Руководитель чаще всего является сдержанным к критике и порицанию сотрудников', 13),
(44, 'Большинство сотрудников планируют развиваться и расти в компании', 4),
(45, 'В компании существует чёткое планирование результатов компании и сотрудников', 8),
(46, 'Сотрудники компании всегда стремятся достигать поставленных задач', 6),
(47, 'Бывает, что сотрудники не хотят разобраться как нужно делать правильно', 10),
(48, 'Большинство сотрудников не стремятся к личностному росту', 14),
(49, 'Каждый сотрудник компании знает и понимает что является продуктом компании и в каких параметрах он измеряется', 11),
(50, 'Успехи в развитии и в росте вашей компании заслуживают уважения', 3),
(51, 'В компании есть сотрудник, который помогает с адаптацией новым сотрудникам', 1),
(52, 'Бывает, что сотрудники игнорируют требования, не понимая как сделать', 10),
(53, 'Сотрудники часто приводят своих знакомых на свободные вакансии компании', 7),
(54, 'Каждый сотрудник понимает как его личный результат влияет на результат всей компании', 11),
(55, 'В компании есть сотрудники, которые портят атмосферу', 5),
(56, 'Большинство сотрудников не верят, что в этой компании можно вырасти', 4),
(57, 'Руководитель не особо прислушивается к коллегам и не сильно ценит их мнение', 13),
(58, 'Сотрудники компании слабо действуют когда не видят в этом выгоду', 6),
(59, 'Бывает, что сотрудники не выполняют работу и находят причины, почему она не была выполнена', 9),
(60, 'Сотрудники работают над улучшением своих навыков тренируя их', 14),
(61, 'Большинство сотрудников останутся с компанией, если наступят в трудные времена', 12),
(62, 'В компании по настоящему дружный коллектив', 5),
(63, 'В компании разработаны программы адаптации для каждой должности', 1),
(64, 'Сотрудники гордятся тем, что работают именно в этой компании', 3),
(65, 'Сотрудники компании знают как и в чём измеряется результат труда на их должности', 11),
(66, 'Сотрудники с трудом откликаются на участие в каких-либо рабочих мероприятиях', 2),
(67, 'Руководством организован хороший контроль за работой компанией и сотрудниками', 8),
(68, 'Сотрудникам нравятся тренинги и обучение проводимое в компании', 14),
(69, 'Сотрудники стремятся поддержать руководство компании в любых ситуациях', 12),
(70, 'Хорошие результаты сотрудников позволяют продвинуться выше по карьере', 4),
(71, 'Инициатива и хорошие результаты часто остаются не замеченными руководством', 6),
(72, 'Коллектив не является сплочённым и не готовы постоять друг за друга', 5),
(73, 'Сотрудники всегда выполняют распоряжения непосредственного начальства', 9),
(74, 'Руководитель чаще всего проявляет лидерские качества и сотрудники готовы идти за ним', 13),
(75, 'Продукт компании имеет большую пользу и ценность для клиентов', 3),
(76, 'Никогда сотрудники не говорят, что он не сделал что-то потому, что не знает как ', 10),
(77, 'Часто при найме новой должности не полностью подготовлены обязанности, оплата труда, рабочее место ', 7),
(78, 'Почти всем сотрудникам компании ставятся планы необходимых результатов', 11),
(79, 'В компании нет системности и управление происходит хаотично', 8),
(80, 'В компанию не трудно находить новых сотрудников', 7),
(81, 'Чаще всего новые сотрудники легко проходят адаптацию в компании', 1),
(82, 'Вы с восхищением рассказываете о вашей компании другим', 3),
(83, 'Каждый сотрудник компании знает конечный результат труда своей должности', 11),
(84, 'Сотрудники компании часто проявляют инициативу в работе', 2),
(85, 'Руководство компании двигает сотрудников по карьере за хорошие результаты', 4),
(86, 'Сотрудники никогда не пытаются улучшить свои условия угрозой увольнения', 12),
(87, 'Большинство сотрудников занимаются самообучением', 14),
(88, 'Сотрудники компании стремятся делать всё возможное, чтобы компания росла', 6),
(89, 'Руководитель редко поддерживает сотрудников и помогает им', 13),
(90, 'Доверие и взаимоуважение в коллективе не очень хорошее', 5),
(91, 'Сотрудники часто не могут принять решения в сложных ситуациях', 9),
(92, 'Новому сотруднику компании всегда проводят ориентацию в первый день работы', 1),
(93, 'Сотрудникам не  приходится переспрашивать несколько раз как ему нужно что-то сделать', 10),
(94, 'Вас вдохновляет атмосфера и вы рады работать именно в таком коллективе', 3),
(95, 'Сотрудники компании редко нацелены на результат труда', 11),
(96, 'В компании есть отдельный обученный сотрудник для осуществления найма и подбора персонала', 7),
(97, 'Руководитель делает в компании всё подряд и часто завален работой', 8),
(98, 'Сотрудники компании могут и стремятся вырасти внутри компании', 4),
(99, 'Вы настолько увлечены работой, что рабочее время пролетает для вас незаметно', 2),
(100, 'Бывает, что сотрудники допускают мысль о смене места работы', 12),
(101, 'Сотрудники часто ищут способы профессионального развития', 14),
(102, 'Руководитель всегда знает что делает и проявляет уверенность в своих действиях', 13),
(103, 'Ни у кого из сотрудников не бывает замешательства и все понимают что делать', 10),
(104, 'Вам особо нечего рассказывать другим о том, где вы работаете', 3),
(105, 'Каждый новый сотрудник получает внимание и подготовку с первого дня работы', 1),
(106, 'Сотрудники никогда не критикуют руководство и управление компанией', 9),
(107, 'Сотрудники компании в большинстве своём не очень позитивны', 5),
(108, 'Сотрудники компании чаще не понимают к чему стремится компания в будущем', 6),
(109, 'В компании не бывает текучки кадров', 12),
(110, 'Взаимодействие между сотрудниками плохо отрегулировано и не регламентировано', 8),
(111, 'В компании трудно или не возможно продвинуться по карьерной лестнице', 4),
(112, 'Большинство сотрудников считают свою работу интересной', 2),
(113, 'Сотрудники часто перекладывают ответственность друг на друга', 9),
(114, 'Руководитель любит то, чем занимается и увлекает этим сотрудников', 13),
(115, 'Все сотрудники компании понимают как получить ожидаемый от них результат', 10),
(116, 'Сотрудники в основном стремятся состоятся как специалист', 14),
(117, 'В компании есть и соблюдается технология отбора кандидатов на открытые вакансии', 7),
(118, 'Все сотрудники знают ценность результата труда компании для клиентов', 11),
(119, 'Вы редко ставите в пример другим свою компанию', 3),
(120, 'Новые сотрудники компании проходят обучение для вступления в должность', 1),
(121, 'Часто новые сотрудники компании не проходят испытательный срок', 7),
(122, 'Сотрудники компании часто не понимают что решает его должность в компании', 11),
(123, 'Руководитель не всегда относится уважительно к сотрудникам', 13),
(124, 'В компании есть ряд сотрудников которые продвинулись по карьере', 4),
(125, 'Сотрудники знают цели и задачи компании и готовы их достигать', 6),
(126, 'В компании редко бывают подковёрные игры и интриги', 5),
(127, 'В компании плохо поставлена система руководства и подчинённости каждым отделом и сотрудником', 8),
(128, 'Сотрудники периодически недоговаривают или искажают правду', 9),
(129, 'Сотрудники компании часто мониторят предложения на рынке труда', 12),
(130, 'Сотрудники не любят обучаться во вне рабочее время', 14),
(131, 'Сотрудники редко заинтересованы в результатах работы компании', 2),
(132, 'Руководителя нельзя назвать настоящим организатором', 13),
(133, 'Каждый сотрудник компании знает и понимает всё что ему нужно делать', 10),
(134, 'Сотрудники часто делятся с другими тем, как в компании хорошо обстоят дела', 3),
(135, 'Часто при найме кандидаты не доходят до собеседования', 7),
(136, 'Вас не сильно увлекает то, чем вы занимаетесь на работе', 2),
(137, 'Сотрудники компании постоянно сдают отчёты о результатах своему руководителю', 8),
(138, 'Сотрудники никогда не критикуют и не обвиняют друг друга', 9),
(139, 'Сотрудники готовы сделать что-то больше только, если за это заплатят', 6),
(140, 'Сотрудники компании готовы и нацелены на взаимопомощь друг другу', 5);

-- --------------------------------------------------------

--
-- Структура таблицы `Supervisor`
--

CREATE TABLE `Supervisor` (
  `id` int NOT NULL,
  `first_name` varchar(255) DEFAULT NULL,
  `second_name` varchar(255) DEFAULT NULL,
  `last_name` varchar(255) DEFAULT NULL,
  `company_id` int NOT NULL
) ENGINE=InnoDB DEFAULT CHARSET=utf8mb4 COLLATE=utf8mb4_0900_ai_ci;

--
-- Дамп данных таблицы `Supervisor`
--

INSERT INTO `Supervisor` (`id`, `first_name`, `second_name`, `last_name`, `company_id`) VALUES
(1, 'Борис', 'Гусев', 'Павлович', 2),
(2, 'Николай', 'Афанасьев', 'Евгеньевич', 3);

-- --------------------------------------------------------

--
-- Структура таблицы `SupervisorAnswers`
--

CREATE TABLE `SupervisorAnswers` (
  `id` int NOT NULL,
  `supervisor_id` int NOT NULL,
  `anser_id` int NOT NULL
) ENGINE=InnoDB DEFAULT CHARSET=utf8mb4 COLLATE=utf8mb4_0900_ai_ci;

--
-- Дамп данных таблицы `SupervisorAnswers`
--

INSERT INTO `SupervisorAnswers` (`id`, `supervisor_id`, `anser_id`) VALUES
(1, 1, 1),
(2, 1, 2),
(3, 1, 3),
(4, 1, 4),
(5, 1, 5),
(6, 1, 6),
(7, 1, 7),
(8, 1, 8),
(9, 1, 9),
(10, 1, 10),
(11, 1, 11),
(12, 1, 12),
(13, 1, 13),
(14, 1, 154),
(15, 1, 155),
(16, 1, 16),
(17, 1, 17),
(18, 1, 158),
(19, 1, 159),
(20, 1, 160),
(21, 1, 301),
(22, 1, 302),
(23, 1, 23),
(24, 1, 164),
(25, 1, 305),
(26, 1, 166),
(27, 1, 167),
(28, 1, 308),
(29, 1, 169),
(30, 1, 170),
(31, 1, 311),
(32, 1, 172),
(33, 1, 313),
(34, 1, 314),
(35, 1, 315),
(36, 1, 316),
(37, 1, 177),
(38, 1, 178),
(39, 1, 319),
(40, 1, 180),
(41, 1, 181),
(42, 1, 182),
(43, 1, 183),
(44, 1, 324),
(45, 1, 185),
(46, 1, 326),
(47, 1, 187),
(48, 1, 328),
(49, 1, 49),
(50, 1, 330),
(51, 1, 191),
(52, 1, 332),
(53, 1, 193),
(54, 1, 194),
(55, 1, 335),
(56, 1, 336),
(57, 1, 197),
(58, 1, 338),
(59, 1, 199),
(60, 1, 340),
(61, 1, 201),
(62, 1, 342),
(63, 1, 343),
(64, 1, 344),
(65, 1, 205),
(66, 1, 206),
(67, 1, 207),
(68, 1, 348),
(69, 1, 209),
(70, 1, 210),
(71, 1, 211),
(72, 1, 352),
(73, 1, 213),
(74, 1, 214),
(75, 1, 355),
(76, 1, 216),
(77, 1, 217),
(78, 1, 218),
(79, 1, 359),
(80, 1, 360),
(81, 1, 361),
(82, 1, 362),
(83, 1, 223),
(84, 1, 364),
(85, 1, 225),
(86, 1, 226),
(87, 1, 87),
(88, 1, 88),
(89, 1, 229),
(90, 1, 230),
(91, 1, 231),
(92, 1, 92),
(93, 1, 93),
(94, 1, 234),
(95, 1, 235),
(96, 1, 96),
(97, 1, 237),
(98, 1, 238),
(99, 1, 99),
(100, 1, 240),
(101, 1, 241),
(102, 1, 102),
(103, 1, 103),
(104, 1, 244),
(105, 1, 105),
(106, 1, 246),
(107, 1, 247),
(108, 1, 108),
(109, 1, 389),
(110, 1, 110),
(111, 1, 251),
(112, 1, 252),
(113, 1, 253),
(114, 1, 114),
(115, 1, 115),
(116, 1, 256),
(117, 1, 117),
(118, 1, 118),
(119, 1, 259),
(120, 1, 260),
(121, 1, 261),
(122, 1, 122),
(123, 1, 263),
(124, 1, 264),
(125, 1, 265),
(126, 1, 266),
(127, 1, 127),
(128, 1, 268),
(129, 1, 269),
(130, 1, 270),
(131, 1, 271),
(132, 1, 272),
(133, 1, 273),
(134, 1, 134),
(135, 1, 275),
(136, 1, 276),
(137, 1, 137),
(138, 1, 278),
(139, 1, 279),
(140, 2, 1),
(141, 2, 282),
(142, 2, 283),
(143, 2, 144),
(144, 2, 285),
(145, 2, 286),
(146, 2, 287),
(147, 2, 148),
(148, 2, 289),
(149, 2, 290),
(150, 2, 291),
(151, 2, 152),
(152, 2, 153),
(153, 2, 294),
(154, 2, 295),
(155, 2, 156),
(156, 2, 157),
(157, 2, 298),
(158, 2, 299),
(159, 2, 300),
(160, 2, 301),
(161, 2, 302),
(162, 2, 163),
(163, 2, 304),
(164, 2, 305),
(165, 2, 166),
(166, 2, 167),
(167, 2, 308),
(168, 2, 169),
(169, 2, 170),
(170, 2, 311),
(171, 2, 172),
(172, 2, 313),
(173, 2, 314),
(174, 2, 315),
(175, 2, 316),
(176, 2, 177),
(177, 2, 178),
(178, 2, 319),
(179, 2, 180),
(180, 2, 181),
(181, 2, 182),
(182, 2, 183),
(183, 2, 324),
(184, 2, 185),
(185, 2, 326),
(186, 2, 187),
(187, 2, 328),
(188, 2, 49),
(189, 2, 330),
(190, 2, 191),
(191, 2, 332),
(192, 2, 193),
(193, 2, 194),
(194, 2, 335),
(195, 2, 336),
(196, 2, 197),
(197, 2, 338),
(198, 2, 199),
(199, 2, 340),
(200, 2, 201),
(201, 2, 342),
(202, 2, 343),
(203, 2, 344),
(204, 2, 205),
(205, 2, 206),
(206, 2, 207),
(207, 2, 348),
(208, 2, 209),
(209, 2, 210),
(210, 2, 211),
(211, 2, 352),
(212, 2, 213),
(213, 2, 214),
(214, 2, 355),
(215, 2, 216),
(216, 2, 217),
(217, 2, 218),
(218, 2, 359),
(219, 2, 360),
(220, 2, 361),
(221, 2, 362),
(222, 2, 223),
(223, 2, 364),
(224, 2, 225),
(225, 2, 226),
(226, 2, 367),
(227, 2, 228),
(228, 2, 369),
(229, 2, 370),
(230, 2, 371),
(231, 2, 232),
(232, 2, 233),
(233, 2, 374),
(234, 2, 375),
(235, 2, 236),
(236, 2, 377),
(237, 2, 378),
(238, 2, 239),
(239, 2, 380),
(240, 2, 381),
(241, 2, 242),
(242, 2, 243),
(243, 2, 384),
(244, 2, 245),
(245, 2, 386),
(246, 2, 387),
(247, 2, 248),
(248, 2, 389),
(249, 2, 110),
(250, 2, 391),
(251, 2, 392),
(252, 2, 393),
(253, 2, 254),
(254, 2, 255),
(255, 2, 396),
(256, 2, 257),
(257, 2, 258),
(258, 2, 399),
(259, 2, 400),
(260, 2, 401),
(261, 2, 262),
(262, 2, 403),
(263, 2, 404),
(264, 2, 405),
(265, 2, 406),
(266, 2, 267),
(267, 2, 408),
(268, 2, 409),
(269, 2, 410),
(270, 2, 411),
(271, 2, 412),
(272, 2, 413),
(273, 2, 274),
(274, 2, 415),
(275, 2, 416),
(276, 2, 277),
(277, 2, 418),
(278, 2, 419);

-- --------------------------------------------------------

--
-- Структура таблицы `UserAnswers`
--

CREATE TABLE `UserAnswers` (
  `id` int NOT NULL,
  `user_id` int NOT NULL,
  `anser_id` int NOT NULL
) ENGINE=InnoDB DEFAULT CHARSET=utf8mb4 COLLATE=utf8mb4_0900_ai_ci;

--
-- Дамп данных таблицы `UserAnswers`
--

INSERT INTO `UserAnswers` (`id`, `user_id`, `anser_id`) VALUES
(1, 1, 141),
(2, 1, 282),
(3, 1, 143),
(4, 1, 144),
(5, 1, 145),
(6, 1, 146),
(7, 1, 287),
(8, 1, 148),
(9, 1, 289),
(10, 1, 290),
(11, 1, 151),
(12, 1, 12),
(13, 1, 13),
(14, 1, 154),
(15, 1, 155),
(16, 1, 16),
(17, 1, 17),
(18, 1, 158),
(19, 1, 159),
(20, 1, 160),
(21, 1, 161),
(22, 1, 162),
(23, 1, 303),
(24, 1, 304),
(25, 1, 305),
(26, 1, 166),
(27, 1, 167),
(28, 1, 308),
(29, 1, 169),
(30, 1, 170),
(31, 1, 311),
(32, 1, 172),
(33, 1, 313),
(34, 1, 314),
(35, 1, 315),
(36, 1, 316),
(37, 1, 177),
(38, 1, 178),
(39, 1, 319),
(40, 1, 180),
(41, 1, 181),
(42, 1, 182),
(43, 1, 183),
(44, 1, 324),
(45, 1, 185),
(46, 1, 326),
(47, 1, 187),
(48, 1, 328),
(49, 1, 49),
(50, 1, 330),
(51, 1, 191),
(52, 1, 332),
(53, 1, 193),
(54, 1, 194),
(55, 1, 335),
(56, 1, 336),
(57, 1, 197),
(58, 1, 338),
(59, 1, 199),
(60, 1, 340),
(61, 1, 201),
(62, 1, 342),
(63, 1, 343),
(64, 1, 344),
(65, 1, 205),
(66, 1, 206),
(67, 1, 207),
(68, 1, 348),
(69, 1, 209),
(70, 1, 210),
(71, 1, 211),
(72, 1, 212),
(73, 1, 73),
(74, 1, 74),
(75, 1, 215),
(76, 1, 76),
(77, 1, 77),
(78, 1, 78),
(79, 1, 219),
(80, 1, 220),
(81, 1, 221),
(82, 1, 222),
(83, 1, 83),
(84, 1, 224),
(85, 1, 85),
(86, 1, 226),
(87, 1, 227),
(88, 1, 88),
(89, 1, 229),
(90, 1, 230),
(91, 1, 231),
(92, 1, 92),
(93, 1, 93),
(94, 1, 234),
(95, 1, 235),
(96, 1, 96),
(97, 1, 237),
(98, 1, 238),
(99, 1, 99),
(100, 1, 240),
(101, 1, 241),
(102, 1, 102),
(103, 1, 103),
(104, 1, 244),
(105, 1, 105),
(106, 1, 246),
(107, 1, 247),
(108, 1, 108),
(109, 1, 389),
(110, 1, 110),
(111, 1, 251),
(112, 1, 252),
(113, 1, 253),
(114, 1, 114),
(115, 1, 115),
(116, 1, 256),
(117, 1, 117),
(118, 1, 118),
(119, 1, 259),
(120, 1, 260),
(121, 1, 261),
(122, 1, 122),
(123, 1, 263),
(124, 1, 264),
(125, 1, 265),
(126, 1, 266),
(127, 1, 127),
(128, 1, 268),
(129, 1, 269),
(130, 1, 270),
(131, 1, 271),
(132, 1, 272),
(133, 1, 273),
(134, 1, 134),
(135, 1, 275),
(136, 1, 276),
(137, 1, 137),
(138, 1, 278),
(139, 1, 279),
(140, 2, 1),
(141, 2, 2),
(142, 2, 3),
(143, 2, 4),
(144, 2, 5),
(145, 2, 6),
(146, 2, 147),
(147, 2, 8),
(148, 2, 149),
(149, 2, 150),
(150, 2, 291),
(151, 2, 292),
(152, 2, 293),
(153, 2, 294),
(154, 2, 295),
(155, 2, 296),
(156, 2, 297),
(157, 2, 298),
(158, 2, 299),
(159, 2, 300),
(160, 2, 301),
(161, 2, 302),
(162, 2, 23),
(163, 2, 164),
(164, 2, 305),
(165, 2, 166),
(166, 2, 167),
(167, 2, 308),
(168, 2, 169),
(169, 2, 170),
(170, 2, 311),
(171, 2, 172),
(172, 2, 313),
(173, 2, 314),
(174, 2, 315),
(175, 2, 316),
(176, 2, 177),
(177, 2, 178),
(178, 2, 319),
(179, 2, 40),
(180, 2, 41),
(181, 2, 42),
(182, 2, 43),
(183, 2, 184),
(184, 2, 45),
(185, 2, 186),
(186, 2, 47),
(187, 2, 188),
(188, 2, 329),
(189, 2, 330),
(190, 2, 331),
(191, 2, 332),
(192, 2, 333),
(193, 2, 334),
(194, 2, 55),
(195, 2, 56),
(196, 2, 57),
(197, 2, 58),
(198, 2, 59),
(199, 2, 60),
(200, 2, 61),
(201, 2, 62),
(202, 2, 63),
(203, 2, 64),
(204, 2, 65),
(205, 2, 66),
(206, 2, 67),
(207, 2, 68),
(208, 2, 69),
(209, 2, 70),
(210, 2, 71),
(211, 2, 72),
(212, 2, 73),
(213, 2, 74),
(214, 2, 75),
(215, 2, 76),
(216, 2, 77),
(217, 2, 78),
(218, 2, 79),
(219, 2, 80),
(220, 2, 81),
(221, 2, 82),
(222, 2, 83),
(223, 2, 84),
(224, 2, 85),
(225, 2, 86),
(226, 2, 87),
(227, 2, 88),
(228, 2, 89),
(229, 2, 90),
(230, 2, 91),
(231, 2, 92),
(232, 2, 93),
(233, 2, 94),
(234, 2, 95),
(235, 2, 96),
(236, 2, 97),
(237, 2, 98),
(238, 2, 99),
(239, 2, 100),
(240, 2, 101),
(241, 2, 102),
(242, 2, 103),
(243, 2, 104),
(244, 2, 105),
(245, 2, 106),
(246, 2, 107),
(247, 2, 108),
(248, 2, 109),
(249, 2, 110),
(250, 2, 111),
(251, 2, 112),
(252, 2, 113),
(253, 2, 114),
(254, 2, 115),
(255, 2, 116),
(256, 2, 117),
(257, 2, 118),
(258, 2, 119),
(259, 2, 120),
(260, 2, 121),
(261, 2, 122),
(262, 2, 123),
(263, 2, 124),
(264, 2, 125),
(265, 2, 126),
(266, 2, 127),
(267, 2, 128),
(268, 2, 129),
(269, 2, 130),
(270, 2, 131),
(271, 2, 132),
(272, 2, 133),
(273, 2, 134),
(274, 2, 135),
(275, 2, 136),
(276, 2, 137),
(277, 2, 138),
(278, 2, 139),
(279, 3, 1),
(280, 3, 2),
(281, 3, 3),
(282, 3, 4),
(283, 3, 5),
(284, 3, 6),
(285, 3, 7),
(286, 3, 8),
(287, 3, 9),
(288, 3, 10),
(289, 3, 11),
(290, 3, 12),
(291, 3, 13),
(292, 3, 14),
(293, 3, 15),
(294, 3, 16),
(295, 3, 17),
(296, 3, 18),
(297, 3, 19),
(298, 3, 20),
(299, 3, 21),
(300, 3, 22),
(301, 3, 23),
(302, 3, 24),
(303, 3, 25),
(304, 3, 26),
(305, 3, 27),
(306, 3, 28),
(307, 3, 29),
(308, 3, 30),
(309, 3, 31),
(310, 3, 32),
(311, 3, 33),
(312, 3, 34),
(313, 3, 35),
(314, 3, 36),
(315, 3, 37),
(316, 3, 38),
(317, 3, 39),
(318, 3, 40),
(319, 3, 41),
(320, 3, 42),
(321, 3, 43),
(322, 3, 44),
(323, 3, 45),
(324, 3, 46),
(325, 3, 47),
(326, 3, 48),
(327, 3, 49),
(328, 3, 50),
(329, 3, 51),
(330, 3, 52),
(331, 3, 53),
(332, 3, 54),
(333, 3, 55),
(334, 3, 56),
(335, 3, 57),
(336, 3, 58),
(337, 3, 59),
(338, 3, 60),
(339, 3, 61),
(340, 3, 62),
(341, 3, 63),
(342, 3, 64),
(343, 3, 65),
(344, 3, 66),
(345, 3, 67),
(346, 3, 68),
(347, 3, 69),
(348, 3, 70),
(349, 3, 71),
(350, 3, 72),
(351, 3, 73),
(352, 3, 74),
(353, 3, 75),
(354, 3, 76),
(355, 3, 77),
(356, 3, 78),
(357, 3, 79),
(358, 3, 80),
(359, 3, 81),
(360, 3, 82),
(361, 3, 83),
(362, 3, 84),
(363, 3, 85),
(364, 3, 86),
(365, 3, 87),
(366, 3, 88),
(367, 3, 89),
(368, 3, 90),
(369, 3, 91),
(370, 3, 92),
(371, 3, 93),
(372, 3, 94),
(373, 3, 95),
(374, 3, 96),
(375, 3, 97),
(376, 3, 98),
(377, 3, 99),
(378, 3, 100),
(379, 3, 101),
(380, 3, 102),
(381, 3, 103),
(382, 3, 104),
(383, 3, 105),
(384, 3, 106),
(385, 3, 107),
(386, 3, 108),
(387, 3, 109),
(388, 3, 110),
(389, 3, 111),
(390, 3, 112),
(391, 3, 113),
(392, 3, 114),
(393, 3, 115),
(394, 3, 116),
(395, 3, 117),
(396, 3, 118),
(397, 3, 119),
(398, 3, 120),
(399, 3, 121),
(400, 3, 122),
(401, 3, 123),
(402, 3, 124),
(403, 3, 125),
(404, 3, 126),
(405, 3, 127),
(406, 3, 128),
(407, 3, 129),
(408, 3, 130),
(409, 3, 131),
(410, 3, 132),
(411, 3, 133),
(412, 3, 134),
(413, 3, 135),
(414, 3, 136),
(415, 3, 137),
(416, 3, 138),
(417, 3, 139),
(418, 4, 141),
(419, 4, 142),
(420, 4, 143),
(421, 4, 144),
(422, 4, 145),
(423, 4, 146),
(424, 4, 287),
(425, 4, 148),
(426, 4, 289),
(427, 4, 290),
(428, 4, 291),
(429, 4, 152),
(430, 4, 153),
(431, 4, 294),
(432, 4, 295),
(433, 4, 156),
(434, 4, 157),
(435, 4, 298),
(436, 4, 299),
(437, 4, 300),
(438, 4, 301),
(439, 4, 302),
(440, 4, 23),
(441, 4, 164),
(442, 4, 305),
(443, 4, 166),
(444, 4, 167),
(445, 4, 308),
(446, 4, 169),
(447, 4, 170),
(448, 4, 311),
(449, 4, 172),
(450, 4, 313),
(451, 4, 314),
(452, 4, 315),
(453, 4, 316),
(454, 4, 177),
(455, 4, 178),
(456, 4, 319),
(457, 4, 40),
(458, 4, 41),
(459, 4, 42),
(460, 4, 43),
(461, 4, 184),
(462, 4, 45),
(463, 4, 186),
(464, 4, 47),
(465, 4, 188),
(466, 4, 49),
(467, 4, 190),
(468, 4, 51),
(469, 4, 192),
(470, 4, 53),
(471, 4, 54),
(472, 4, 195),
(473, 4, 196),
(474, 4, 57),
(475, 4, 198),
(476, 4, 59),
(477, 4, 200),
(478, 4, 61),
(479, 4, 202),
(480, 4, 203),
(481, 4, 204),
(482, 4, 65),
(483, 4, 66),
(484, 4, 67),
(485, 4, 208),
(486, 4, 69),
(487, 4, 70),
(488, 4, 71),
(489, 4, 212),
(490, 4, 73),
(491, 4, 74),
(492, 4, 215),
(493, 4, 76),
(494, 4, 77),
(495, 4, 78),
(496, 4, 219),
(497, 4, 220),
(498, 4, 221),
(499, 4, 222),
(500, 4, 83),
(501, 4, 224),
(502, 4, 85),
(503, 4, 86),
(504, 4, 227),
(505, 4, 228),
(506, 4, 369),
(507, 4, 370),
(508, 4, 371),
(509, 4, 232),
(510, 4, 233),
(511, 4, 374),
(512, 4, 375),
(513, 4, 236),
(514, 4, 377),
(515, 4, 378),
(516, 4, 239),
(517, 4, 380),
(518, 4, 381),
(519, 4, 242),
(520, 4, 243),
(521, 4, 384),
(522, 4, 245),
(523, 4, 386),
(524, 4, 387),
(525, 4, 248),
(526, 4, 389),
(527, 4, 110),
(528, 4, 251),
(529, 4, 252),
(530, 4, 253),
(531, 4, 114),
(532, 4, 115),
(533, 4, 256),
(534, 4, 117),
(535, 4, 118),
(536, 4, 259),
(537, 4, 260),
(538, 4, 261),
(539, 4, 122),
(540, 4, 263),
(541, 4, 264),
(542, 4, 265),
(543, 4, 266),
(544, 4, 127),
(545, 4, 268),
(546, 4, 269),
(547, 4, 270),
(548, 4, 271),
(549, 4, 272),
(550, 4, 273),
(551, 4, 134),
(552, 4, 275),
(553, 4, 276),
(554, 4, 137),
(555, 4, 418),
(556, 4, 419),
(557, 5, 1),
(558, 5, 2),
(559, 5, 3),
(560, 5, 4),
(561, 5, 5),
(562, 5, 6),
(563, 5, 7),
(564, 5, 8),
(565, 5, 9),
(566, 5, 10),
(567, 5, 11),
(568, 5, 12),
(569, 5, 13),
(570, 5, 14),
(571, 5, 15),
(572, 5, 16),
(573, 5, 17),
(574, 5, 18),
(575, 5, 19),
(576, 5, 20),
(577, 5, 21),
(578, 5, 22),
(579, 5, 23),
(580, 5, 24),
(581, 5, 25),
(582, 5, 26),
(583, 5, 27),
(584, 5, 28),
(585, 5, 29),
(586, 5, 30),
(587, 5, 31),
(588, 5, 32),
(589, 5, 33),
(590, 5, 34),
(591, 5, 35),
(592, 5, 36),
(593, 5, 37),
(594, 5, 38),
(595, 5, 39),
(596, 5, 40),
(597, 5, 41),
(598, 5, 42),
(599, 5, 43),
(600, 5, 44),
(601, 5, 45),
(602, 5, 46),
(603, 5, 47),
(604, 5, 48),
(605, 5, 49),
(606, 5, 50),
(607, 5, 51),
(608, 5, 52),
(609, 5, 53),
(610, 5, 54),
(611, 5, 55),
(612, 5, 56),
(613, 5, 57),
(614, 5, 58),
(615, 5, 59),
(616, 5, 60),
(617, 5, 61),
(618, 5, 62),
(619, 5, 63),
(620, 5, 64),
(621, 5, 65),
(622, 5, 66),
(623, 5, 67),
(624, 5, 68),
(625, 5, 69),
(626, 5, 70),
(627, 5, 71),
(628, 5, 72),
(629, 5, 73),
(630, 5, 74),
(631, 5, 75),
(632, 5, 76),
(633, 5, 77),
(634, 5, 78),
(635, 5, 79),
(636, 5, 80),
(637, 5, 81),
(638, 5, 82),
(639, 5, 83),
(640, 5, 84),
(641, 5, 85),
(642, 5, 86),
(643, 5, 87),
(644, 5, 88),
(645, 5, 89),
(646, 5, 90),
(647, 5, 91),
(648, 5, 92),
(649, 5, 93),
(650, 5, 94),
(651, 5, 95),
(652, 5, 96),
(653, 5, 97),
(654, 5, 98),
(655, 5, 99),
(656, 5, 100),
(657, 5, 101),
(658, 5, 102),
(659, 5, 103),
(660, 5, 104),
(661, 5, 105),
(662, 5, 106),
(663, 5, 107),
(664, 5, 108),
(665, 5, 109),
(666, 5, 110),
(667, 5, 111),
(668, 5, 112),
(669, 5, 113),
(670, 5, 114),
(671, 5, 115),
(672, 5, 116),
(673, 5, 117),
(674, 5, 118),
(675, 5, 119),
(676, 5, 120),
(677, 5, 121),
(678, 5, 122),
(679, 5, 123),
(680, 5, 124),
(681, 5, 125),
(682, 5, 126),
(683, 5, 127),
(684, 5, 128),
(685, 5, 129),
(686, 5, 130),
(687, 5, 131),
(688, 5, 132),
(689, 5, 133),
(690, 5, 134),
(691, 5, 135),
(692, 5, 136),
(693, 5, 137),
(694, 5, 138),
(695, 5, 139);

-- --------------------------------------------------------

--
-- Структура таблицы `Users`
--

CREATE TABLE `Users` (
  `id` int NOT NULL,
  `first_name` varchar(255) DEFAULT NULL,
  `second_name` varchar(255) DEFAULT NULL,
  `last_name` varchar(255) DEFAULT NULL,
  `post_position` varchar(255) DEFAULT NULL,
  `is_anon` tinyint(1) NOT NULL,
  `company_id` int NOT NULL
) ENGINE=InnoDB DEFAULT CHARSET=utf8mb4 COLLATE=utf8mb4_0900_ai_ci;

--
-- Дамп данных таблицы `Users`
--

INSERT INTO `Users` (`id`, `first_name`, `second_name`, `last_name`, `post_position`, `is_anon`, `company_id`) VALUES
(1, 'Никита', 'Финский', 'Фёдорович', 'Программист', 0, 2),
(2, 'Екатерина', 'Полькина', 'Сергеевна', 'Бухгалтер', 0, 3),
(3, 'Анонимный', '', '', '', 1, 3),
(4, 'Анонимный', '', '', '', 1, 3),
(5, 'Анонимный', '', '', '', 1, 2);

--
-- Индексы сохранённых таблиц
--

--
-- Индексы таблицы `Admins`
--
ALTER TABLE `Admins`
  ADD PRIMARY KEY (`id`);

--
-- Индексы таблицы `Answers`
--
ALTER TABLE `Answers`
  ADD PRIMARY KEY (`id`),
  ADD KEY `question_id` (`question_id`);

--
-- Индексы таблицы `Companies`
--
ALTER TABLE `Companies`
  ADD PRIMARY KEY (`id`);

--
-- Индексы таблицы `Criterions`
--
ALTER TABLE `Criterions`
  ADD PRIMARY KEY (`id`);

--
-- Индексы таблицы `Questions`
--
ALTER TABLE `Questions`
  ADD PRIMARY KEY (`id`),
  ADD KEY `criterion_id` (`criterion_id`);

--
-- Индексы таблицы `Supervisor`
--
ALTER TABLE `Supervisor`
  ADD PRIMARY KEY (`id`),
  ADD KEY `company_id` (`company_id`);

--
-- Индексы таблицы `SupervisorAnswers`
--
ALTER TABLE `SupervisorAnswers`
  ADD PRIMARY KEY (`id`),
  ADD KEY `supervisor_id` (`supervisor_id`),
  ADD KEY `anser_id` (`anser_id`);

--
-- Индексы таблицы `UserAnswers`
--
ALTER TABLE `UserAnswers`
  ADD PRIMARY KEY (`id`),
  ADD KEY `user_id` (`user_id`),
  ADD KEY `anser_id` (`anser_id`);

--
-- Индексы таблицы `Users`
--
ALTER TABLE `Users`
  ADD PRIMARY KEY (`id`),
  ADD KEY `company_id` (`company_id`);

--
-- AUTO_INCREMENT для сохранённых таблиц
--

--
-- AUTO_INCREMENT для таблицы `Admins`
--
ALTER TABLE `Admins`
  MODIFY `id` int NOT NULL AUTO_INCREMENT, AUTO_INCREMENT=3;

--
-- AUTO_INCREMENT для таблицы `Answers`
--
ALTER TABLE `Answers`
  MODIFY `id` int NOT NULL AUTO_INCREMENT, AUTO_INCREMENT=421;

--
-- AUTO_INCREMENT для таблицы `Companies`
--
ALTER TABLE `Companies`
  MODIFY `id` int NOT NULL AUTO_INCREMENT, AUTO_INCREMENT=5;

--
-- AUTO_INCREMENT для таблицы `Criterions`
--
ALTER TABLE `Criterions`
  MODIFY `id` int NOT NULL AUTO_INCREMENT, AUTO_INCREMENT=15;

--
-- AUTO_INCREMENT для таблицы `Questions`
--
ALTER TABLE `Questions`
  MODIFY `id` int NOT NULL AUTO_INCREMENT, AUTO_INCREMENT=141;

--
-- AUTO_INCREMENT для таблицы `Supervisor`
--
ALTER TABLE `Supervisor`
  MODIFY `id` int NOT NULL AUTO_INCREMENT, AUTO_INCREMENT=3;

--
-- AUTO_INCREMENT для таблицы `SupervisorAnswers`
--
ALTER TABLE `SupervisorAnswers`
  MODIFY `id` int NOT NULL AUTO_INCREMENT, AUTO_INCREMENT=279;

--
-- AUTO_INCREMENT для таблицы `UserAnswers`
--
ALTER TABLE `UserAnswers`
  MODIFY `id` int NOT NULL AUTO_INCREMENT, AUTO_INCREMENT=696;

--
-- AUTO_INCREMENT для таблицы `Users`
--
ALTER TABLE `Users`
  MODIFY `id` int NOT NULL AUTO_INCREMENT, AUTO_INCREMENT=6;

--
-- Ограничения внешнего ключа сохраненных таблиц
--

--
-- Ограничения внешнего ключа таблицы `Answers`
--
ALTER TABLE `Answers`
  ADD CONSTRAINT `answers_ibfk_1` FOREIGN KEY (`question_id`) REFERENCES `Questions` (`id`);

--
-- Ограничения внешнего ключа таблицы `Questions`
--
ALTER TABLE `Questions`
  ADD CONSTRAINT `questions_ibfk_1` FOREIGN KEY (`criterion_id`) REFERENCES `Criterions` (`id`);

--
-- Ограничения внешнего ключа таблицы `Supervisor`
--
ALTER TABLE `Supervisor`
  ADD CONSTRAINT `supervisor_ibfk_1` FOREIGN KEY (`company_id`) REFERENCES `Companies` (`id`);

--
-- Ограничения внешнего ключа таблицы `SupervisorAnswers`
--
ALTER TABLE `SupervisorAnswers`
  ADD CONSTRAINT `supervisoranswers_ibfk_1` FOREIGN KEY (`supervisor_id`) REFERENCES `Supervisor` (`id`),
  ADD CONSTRAINT `supervisoranswers_ibfk_2` FOREIGN KEY (`anser_id`) REFERENCES `Answers` (`id`);

--
-- Ограничения внешнего ключа таблицы `UserAnswers`
--
ALTER TABLE `UserAnswers`
  ADD CONSTRAINT `useranswers_ibfk_1` FOREIGN KEY (`user_id`) REFERENCES `Users` (`id`),
  ADD CONSTRAINT `useranswers_ibfk_2` FOREIGN KEY (`anser_id`) REFERENCES `Answers` (`id`);

--
-- Ограничения внешнего ключа таблицы `Users`
--
ALTER TABLE `Users`
  ADD CONSTRAINT `users_ibfk_1` FOREIGN KEY (`company_id`) REFERENCES `Companies` (`id`);
COMMIT;

/*!40101 SET CHARACTER_SET_CLIENT=@OLD_CHARACTER_SET_CLIENT */;
/*!40101 SET CHARACTER_SET_RESULTS=@OLD_CHARACTER_SET_RESULTS */;
/*!40101 SET COLLATION_CONNECTION=@OLD_COLLATION_CONNECTION */;
